0,1,2,3,4,5,6,7,8,9,10,11,12,13,14,15,16,17,18,19,20,21,22,23,24,25,26,27,28,29,30,31,32,33,34,35,36,37,38,39,40,41,42,43,44,45,46,47,48,49,50,51,52,53,54,55,56,57,58,59,60,61,62,63,64,65,66,67,68,69,70,71,72,73,74
0.21094706351763148,0.14564704103279055,0.11660767608374058,0.16610746393193027,0.1382375844134447,0.06011197078331827,0.14101690435698525,0.36802749843277566,0.0,0.09385395008611223,0.14182521771611364,0.03914216016898311,0.0,0.0,0.0,0.0,0.054097373235739286,0.10121424168036239,0.19511399901584417,0.2969060290912393,0.0,0.16882215828622632,0.03304140616871957,0.3010246041328947,0.12845578539367566,0.01355044163917457,0.19356067479067818,0.3185123291978887,0.03769353108191036,0.11547452083994658,0.08531899164098537,0.009548598771583606,0.0,0.12026718628138171,0.0,0.0,0.01526961713339422,0.0,0.0015865872042601457,0.0,0.43289996230442185,0.04653705183231553,0.05410619937935134,0.0,0.07055429603680342,0.08531029727572835,0.03301307048124115,0.06425589027037022,0.11975817825347768,0.04415163743970992,0.0,0.0,0.2118272784014436,0.0,0.04109448278375497,0.16568957095302994,0.036966504269378954,-0.09567169637104002,0.0,0.24536244236371593,0.15373773499214155,0.017324025209831725,0.0,0.33884977564991087,0.2616541305514333,0.0,0.19703956787751978,0.0,-0.07260841874535828,0.04207846958817829,0.1383005922796429,0.2915739963541184,0.05384388688192185,0.1039036444435421,0.19572698623667822
0.024785515350957115,0.17513397708568532,0.17891487217478988,0.04373873666712901,0.23210283952826632,0.04051413520855965,0.18451594093893695,0.13667133781221694,0.2543208618517066,0.0855548126468879,0.3151240802348597,0.0649634951258713,0.0,0.2924561730735122,0.013291522593906297,0.11243070679078489,0.0,0.08154541646847145,0.12326946668169213,0.06772867187198299,0.0,0.18973419489865878,0.3226510365622972,0.1346944890927422,0.30166693701917485,0.23488972268813582,0.08814405339377406,0.1640857723091323,0.0,0.08178875335322178,0.0,0.08146263800936622,0.0,0.16546063313811565,0.18145683998583886,0.0,0.0,0.0,0.1397683707115926,0.09778221644958965,0.4396663424763765,0.0,0.17861529982303498,0.0,0.08018662606999662,0.15469167749627907,0.0,0.1491754961915763,0.0,0.0,0.0,0.0,0.0,0.0,0.0,0.2210228226289966,0.0,-0.05190534452043452,0.0,0.0,0.06854012635897992,0.04215012509322652,0.04867237964314135,0.28233297059685836,0.08525937013494926,0.17239548084317066,0.20215341337440793,0.12295698519745325,0.0,0.06826515970091968,0.34659402064230294,0.05388865617341778,0.0,0.14555515614431588,0.07484976460774288
0.10949050219809348,0.1374996278043401,0.0,0.11167442152737424,0.3582415158193479,0.03057396783277126,0.1322914094048373,0.4618227262862981,0.015709036887521583,0.0,0.0,0.0,0.0,0.4735682375471069,0.18884703877844505,0.20130301649190435,0.0,0.2442734330127245,0.0,0.0033483707771237805,0.0,0.27640703019150525,0.33117364953772455,0.18521873302466677,0.2873725513132372,0.15174378033517824,0.17219870158632614,0.2202531671125728,0.07864082090558266,0.0,0.09565036348846606,0.1404387171206554,0.0,0.22896670052965296,0.15686356562584752,0.0,0.052362698299187396,0.0,0.06570253850341974,0.2561600292473103,0.5515512194705025,0.0,0.0,0.0,0.23892335445946042,0.05589420245383085,0.13245231379037614,0.21220206145920165,0.032319688398918404,0.006456273657811648,0.05801887311977973,0.0,0.3437724082328923,0.0,0.0,0.0,0.0,-0.022043335708870272,0.0,0.0,0.0,0.16426061501695854,0.0,0.4402618331681551,0.2823897130545516,0.15834273228914061,0.28488425579765336,0.025066737459121684,0.0,0.22873657288671848,0.2079635480007299,0.36445603101930807,0.03555639432051109,0.23333625427523777,0.04725739422011349
0.0,0.17227463206681007,0.19629178777987832,0.03161461272479502,0.20513314320233958,0.06232686437136154,0.15860488113068164,0.23812502225142743,0.013792836942407878,0.32091588764996853,0.24765781732468448,0.001685637338126089,0.0,0.3535247136388843,0.07612173445046816,0.0,0.0,0.339668957133443,0.08547173360371463,0.08541063723232716,0.0,0.13117970983485314,0.20910817355672942,0.0,0.2520091485546246,0.22040793007167225,0.23037293480581442,0.1184769038258342,0.0,0.0,0.12827623437233396,0.07982678095455853,0.0,0.30092602711051497,0.0,0.0,0.009536938157772434,0.04093560206532781,0.06665089817861523,0.0,0.4136007288167528,0.07944841078388482,0.05256738156663843,0.0,0.0,0.20457057462611983,0.05221663282097037,0.23939796374252686,0.09225397324475593,0.20043785042255982,0.0,0.0,0.26554787576240035,0.0,0.0,0.27923760579042645,0.0,0.0,0.0,0.006169431791576423,0.009168207564371436,0.10257149391242162,0.007800397443495116,0.3049357986470434,0.16160640788862862,0.0,0.32781809493864317,0.0,0.0,0.0,0.2925396866782467,0.12796789082290694,0.0883790076228463,0.02640997666848781,0.08217452155676838
0.08951789331418375,0.20144709633812674,0.15426506622847075,0.01798514366282421,0.2862178115076999,0.047119446306617616,0.2774381196008129,0.25925707327413267,0.0,0.23829085823399618,0.3837582299856025,0.0,0.0,0.1633450221325943,0.0,0.08566197315658941,0.047824041930479726,0.3172137869151718,0.0960826938525925,0.2364945457062812,0.1228617988668348,0.22962497034609078,0.19384329502890654,0.05565933860215888,0.0,0.22538755947238925,0.0,0.09224147217096883,0.015166087274599853,0.0,0.0,0.0,0.0,0.25111269321022667,0.0,0.05828668954390793,0.1831964910790885,0.019570898174192327,0.36077377621741,0.06725590052163642,0.4203940093844684,0.0,0.0,0.0,0.051047099805498375,0.16269519856096262,0.11813181266524668,0.21077279873709603,0.08653599215568011,0.0,0.033844359372358,0.0,0.2134695493674212,0.0,0.0,0.31843837722353757,0.0,-0.13144977679277817,0.0,0.2175360949326294,0.0,0.23238380185480773,0.0,0.31591309429875464,0.16404887561250334,0.0,0.37112099427570633,0.0,0.039712535066097295,0.05747197382603837,0.2530221285845294,0.24887179987871083,0.0745712855952174,0.20075849751587876,0.25746598386589237
0.22424620629621209,0.015078693291679927,0.159238960479607,0.14025372963150715,0.08689972539480666,0.13516337353472807,0.09851837177864749,0.011128941946144388,0.034781071398104206,0.10919398654828162,0.32251982529422535,0.11898556580096373,0.0,0.06536227403075386,0.1916493560379477,0.0,0.0,0.28993441239999235,0.0,0.23502758773810462,0.0,0.03434095092481137,0.16994590338354446,0.02358361816027778,0.1292795163539351,0.1917410710041008,0.2319804042550085,0.0,0.0,0.0,0.04327283026933842,0.0,0.0,0.06103284363873319,0.1560781029977806,0.0,0.0,0.0,0.312696507731053,0.0,0.37030349790228184,0.2392378717469517,0.0,0.011081294362257441,0.13888168999052947,0.3775280314801343,0.0730846701679426,0.14271013110674563,0.0,0.17867464464636695,0.010737374168720289,0.0,0.28411799004026894,0.0,0.0,0.21799319479724533,0.06940905618808489,-0.057880646882053036,0.0,0.0,0.0,0.0,0.0,0.43570928903611494,0.15691916639741765,0.0,0.15350301603699323,0.0,0.0,0.0,0.0,0.1744441091782642,0.0,0.14107313920787742,0.26881186428733006
0.15411359799185423,0.0,0.21588043235648002,0.12664982171451908,0.29119604213304695,0.16514343682091195,0.18857723037386873,0.16580863126263556,0.0,0.1698517837388672,0.24453440211279645,0.11225000615471069,0.11909572884962791,0.16238843142862397,0.0,0.0,0.14705735735783432,0.18316879229664476,0.12084184726338203,0.13818212319905043,0.0,0.14644598831760483,0.1128252417882334,0.0,0.0,0.0,0.11674143850404026,0.0,0.045590868151846146,0.0,0.10482029113589762,0.10138753713103955,0.0,0.1286011364441015,0.07492199685877048,0.03902052165502117,0.22064048419745197,0.11848835891108415,0.0,0.0,0.47496088663508435,0.0,0.2298672052304026,0.0,0.03137956535205527,0.2911478768701415,0.18751801383104158,0.24711611741240216,0.010288944418912382,0.17152520375264987,0.0,0.0,0.0,0.0,0.12776992561459505,0.2954050261131126,0.0,0.0,0.0,0.09444228745386919,0.0,0.10193186237966398,0.08125184316598838,0.3241190004306369,0.13562989667178502,0.2957678278673807,0.045009562218601806,0.0,0.0,0.05355715427657874,0.12437236689070953,0.0,0.0,0.31229452277688186,0.0
0.0,0.06496741997179316,0.1584772596069833,0.04921195114690572,0.1745495479260784,0.15359387846521497,0.0,0.19431124185425447,0.0,0.28017438615115325,0.30199490798253403,0.1581443746991945,0.0,0.253561425907671,0.2880942650114172,0.1070353607270728,0.0,0.11458811302909844,0.1044240853436839,0.28353176815725606,0.0,0.2519969920248851,0.13208567957109688,0.02821472063842928,0.0,0.0,0.21668767053110877,0.09502092777894872,0.033698784330896396,0.0,0.0,0.0012018202131096052,0.005043666013401346,0.2527551068954548,0.08985236995707303,0.0,0.0,0.019244906310295212,0.14693566771933778,0.16031274378270788,0.42682292058675253,0.011896923377555005,0.02150149284318425,0.0,0.0,0.1649214053056715,0.13697116605387746,0.17527517443129462,0.0,0.14711458109676678,0.0,0.0,0.2904755717484823,0.015616767284137384,0.0,0.08209532133249138,0.13946818965523738,0.0,0.0,0.09739356459390976,0.0,0.007529661151798838,0.0,0.42156481607710183,0.12336694150265286,0.0,0.2791417427859619,0.0,0.005839758320763102,0.30646482580285794,0.24003044211419244,0.11246390498062797,0.0,0.273460512707408,0.0
0.1510636936096672,0.07096210113568854,0.06153847805243229,0.11048565266735874,0.34982116152137,0.0,0.01963119855252402,0.11578950641345549,0.0,0.0888151119591306,0.12488865214383019,0.07789451320368698,0.0,0.3645984496537189,0.053638602662770735,0.24144812137239743,0.0,0.20459715325397046,0.0,0.06328984705144634,0.102992760940615,0.05488124268976786,0.0974526235405997,0.0,0.0,0.4022284760581249,0.06363646882069655,0.0,0.04793150925276198,0.0,0.0,0.10040853449698249,0.012220592918446108,0.26913233641681306,0.03679464439935004,0.0,0.0,0.0,0.03949679537150905,0.1333335557368144,0.5103577279369936,0.0,0.0,0.0,0.012593656158209754,0.14164144420708508,0.0,0.23333952100506802,0.024488896688617853,0.13573268717015033,0.06052103818255308,0.0,0.2816091954022989,0.06843567506294305,0.0,0.33999644238639765,0.0,-0.08459321739783714,0.0,0.29672052425126494,0.0,0.0,0.11603837610510273,0.3585486561276423,0.014567689432926585,0.06319312465872486,0.15543623279291757,0.0,0.0,0.07845021273948516,0.33209596313378437,0.35963966299096983,0.0,0.0,0.35072724551897416
0.028962967294159668,0.3267789977217661,0.05517490566026793,0.038499153667067965,0.18347313460173154,0.19089691460295966,0.05700514257086458,0.25491425113526656,0.0,0.20606818414873623,0.0,0.15350582872080962,0.10701482579095338,0.38950133597971437,0.3507094786092187,0.0,0.0,0.2609361692585108,0.10713478806746812,0.06962826210630112,0.22776177203450582,0.18962071562344449,0.2972929541156678,0.0007425429578725005,0.07855235388712932,0.0,0.0,-0.15174306542825758,0.06224128173038279,0.14937341839038462,0.0,0.03721697564206871,0.0,0.11165838752379098,0.2349262133444941,0.09452365280284389,0.09320582795218242,0.10153248406757959,0.20760478504806887,0.032714723087151676,0.5250480969970305,0.13978318700809575,0.026564996846818307,0.0,0.0,0.2024766850478529,0.038147251467887826,0.27780403602930975,0.08666646153918982,0.12612779966882767,0.0,0.0,0.30526503016142653,0.07308306810673912,0.0,0.44742194672607943,0.0,0.0,0.0,0.02863978127182483,0.0,0.0,0.10182846804155687,0.39061610021643206,0.14095400763133464,0.13186531039749935,0.34459375529730457,0.058342121327049246,0.0,0.01646434550093459,0.2531128854527695,0.3621579640274447,0.2514788821717029,0.26806531744930323,0.032879695902322044
0.0894016367731793,0.2549835415009692,0.2881929152589256,0.10234973160594706,0.2831401399672416,0.12300167594294532,0.07804648258266463,0.2934080596435762,0.0,0.25764427040571325,0.344545023002832,0.045589109350845425,0.35604097213268515,0.40189581964593973,0.0,0.09333772369703904,0.18159502201757444,0.17659652431738485,0.0,0.006128705955143589,0.0,0.20239356896672742,0.32499107652451387,0.2685577269961029,0.0,0.0,0.0,0.0,0.0,0.08271794775654637,0.08491600646722328,0.001446999972733818,0.0,0.0,0.0,0.0,0.0,0.0,0.24860684621440804,0.0034583075786441824,0.45164296590349023,0.0,0.0,0.0,0.060588268699194786,0.14435472697542046,0.0,0.2190181986031854,0.0,0.10448323049033548,0.20057782705890165,0.0,0.3583386562957888,0.0,0.0,0.20919908451603772,0.0,0.0,0.0,0.13754330405801002,0.0,0.0,0.003613382735839815,0.2581915201930267,0.13641383397365464,0.16190351401367456,0.23403027612350252,0.21947555599262034,0.013345669993196252,0.20997000822444872,0.19725502546083104,0.27768221618253786,0.26506130604615086,0.25356643708000526,0.11439847772141964
0.16749257387385624,0.06067345193676258,0.25566034776754304,0.05624890789977907,0.19824956086799317,0.026814770469167772,0.1585668563078647,0.3679603582170233,0.256236086575117,0.28813153301501515,0.3192582564465541,0.0,0.2207558304473508,0.0,0.018396590715731853,0.22035988250931116,0.0,0.2725243838611875,0.0,0.32532921595301956,0.005461034350630523,0.12178951309728202,0.3912748949330102,0.0,0.11492579824754925,0.22282577155376393,0.13540293617365556,0.0,0.0,0.0,0.11031289164425065,0.0,0.0,0.2410868503387849,0.2162411367312858,0.0,0.21805816426940153,0.09833909676499275,0.24917424630746093,0.0,0.48514435927489097,0.1044184587862223,0.0,0.0,0.0,0.13562486805293217,0.0,0.2395970793758557,0.07017150668294063,0.05888805813898786,0.0,0.0,0.321024102390741,0.0,0.02675912497454974,0.18436479175862736,0.0,0.0,-0.11528455965576692,0.15316538259339466,0.0,0.0,0.06072029838735107,0.30195541214284627,0.0,0.0,0.434285121018735,0.16259514843513612,0.0,0.0341786724763693,0.13709938275517375,0.2090511660979863,0.0,0.2653417707422882,0.08125403961007052
0.0,0.0,0.05673642143761912,0.0,0.3266227420290755,0.23377108905157187,0.11670528903596912,0.214436859139896,0.0,0.07613885012931264,0.013339136626106906,0.03588141712791722,0.09112100436642913,0.3592205233031067,0.19517663137969649,0.0,0.0,0.22628807279310434,0.09730526051786045,0.03737269931485295,0.0,0.0,0.08966648289154598,0.36461030476347056,0.2028134793478196,0.1385068472209957,0.0,0.13675821509848812,0.0,0.11020590612960678,0.0,0.11311688057812538,0.0,0.14830088510918457,0.10631730116704591,0.0,0.0,0.0,0.22616849885560528,0.0,0.3674149649199757,0.06975968594644907,0.07274247656816688,0.0,0.0,0.1885394469134699,0.12261067325539382,0.21456568661166095,0.0,0.054081230900914753,0.19286157395953663,0.0,0.06792446248377973,0.0,0.0,0.19643549914070169,0.12037101975199936,0.0,0.0,0.0,0.13627216726768884,0.0,0.0,0.3903307041574601,0.10550699226799946,0.10338010053455374,0.2954089870666358,0.0,0.0,0.1169533162721441,0.25630276254054024,0.1313740375551232,0.0,0.228717190792167,0.16595579231606813
0.09567322241989717,0.1245496202349393,0.08674037827946403,0.07944887065451534,0.22291871414044873,0.0,0.13466753481539603,0.5427711571104107,0.0,0.08960824317694542,0.27463450938452155,0.1123690059757051,0.20542214589862545,0.0,0.03192319003344153,0.0287484187140913,0.05483769935476572,0.3074868142873999,0.0,0.08279952180629274,0.0,0.30851701336834353,0.22786819018758614,0.43348046156750997,0.0,0.13175835326672755,0.0,0.0,0.09817114270916333,0.0,0.15748809702848862,0.053807012168283576,0.0,0.0,0.24978917687139582,0.12857620560001384,0.0,0.0,0.1794185435835162,0.12306451746112548,0.46441541030190414,0.0,0.0,0.10736490655747621,0.0,0.0,0.2532226665893376,0.3659959141857619,0.0,0.10557945262273541,0.06526993181912114,0.0,0.10773557738213949,0.0,0.0,0.4821718553882312,0.0,-0.07579442404583295,0.0,0.16700791251769703,0.0,0.0,0.0,0.330217253332381,0.056255011043399916,0.0,0.13062214843545505,0.0,0.0,0.2493958000754239,0.03498767491538044,0.0,0.1180647825846652,0.04443712183186123,0.22605707619408666
0.0,0.13556779091582682,0.03295762434728833,0.0,0.33875045699486234,0.0,0.2546319434764339,0.14035984834117568,0.0,0.0,0.1926237848720299,0.08062424918324759,0.0,0.45482942364775314,0.09339885464194662,0.10357058695797616,0.0,0.0986706797753905,0.1434671258981173,0.20677543600196865,0.0,0.22025208633513088,0.2848565242780494,0.2783328585585203,0.24418408431539101,0.17741161710377099,0.08976120196368048,0.0,0.06407870826008001,0.1368499843986005,0.0,0.036596675684062496,0.0,0.21804684486498985,0.16462788081610324,0.0,0.09588661848247883,0.0,0.31545398491208193,0.0,0.45155702760261063,0.0076203932204453526,0.0,0.015455745288396296,0.051168618489783796,0.16174455062252235,0.08607017454309779,0.1599938413512626,0.1501739871483388,0.0,0.04844541450454889,0.0,0.41339087892615956,0.0,0.0,0.025579872037712045,0.0,0.0,0.0,0.0,0.0,0.2190269106756586,0.0,0.34738709439107157,0.2642831362816252,0.351671726192354,0.2623174391372278,0.12470781492229216,0.0,0.0,0.2700463392907298,0.05115261465080158,0.0,0.15269145879211085,0.0
0.004372701226350362,0.34855306850355966,0.20263844536481443,0.02410307873164403,0.2570814134009585,0.046465968995476156,0.0,0.34976331163793817,0.15166093866530153,0.22929290960957951,0.06850491653580384,0.20581667798895872,0.35735540502764296,0.4009774233353502,0.229489559765034,0.0,0.0,0.19047675404565492,0.2493719661818224,0.03416433954624351,0.04671316153547282,0.0,0.12405271823547893,0.1232903687494567,0.2511928022043291,0.0,0.1510334288362898,0.0,0.15427272213744783,0.0,0.08325494167132595,0.0,0.0,0.1439516070944978,0.03177932025254046,0.016864168893468392,0.0,0.0,0.33669119852214446,0.0,0.308321367312114,0.06990844872953349,0.0,0.0,0.0,0.10949025992721093,0.0,0.34053954686510346,0.0,0.06352868364519579,0.05769610111754717,0.0,0.06092929681134567,0.0680226838401103,0.0,0.09553589998493611,0.0,-0.18025100613854547,0.0,0.024152581390589376,0.0,0.0,0.0,0.37007952422422424,0.3310176969909561,0.0519753049988949,0.11251076266788489,0.19571671685522254,0.1300227752144914,0.23751995748215407,0.22445019240815192,0.0,0.2456452708692598,0.3034576308458135,0.0
0.07137929043475402,0.05343188317389589,0.0,0.020073671342109117,0.1952131880889243,0.24940147296323342,0.0,0.19607105841019232,0.0,0.14892797667758573,0.16891051702368481,0.12952468533824069,0.011318854460180154,0.45698221842096276,0.017083927333013366,0.0,0.08409422945509364,0.3214490726609442,0.007036900843193363,0.07716826809445744,0.0,0.2621759068362248,0.3665242450154263,0.1978508584342521,0.24575243194050828,0.1556159426271291,0.0,0.0,0.12217965472278437,0.15360892235759502,0.0,0.0,0.0,0.051356113566687366,0.0,0.0,0.0,0.0,0.0,0.0,0.428841030808893,0.27004366311605943,0.0,0.0,0.017270510302945827,0.2707138542785294,0.005518758754407489,0.16110963496586153,0.10428505114800744,0.0717805584466186,0.1344038942131552,0.0,0.13710363556856076,0.11032515184634002,0.0,0.20729624730854326,0.0,-0.21039689056574118,0.0,0.09123200491755208,0.0,0.2860735614950944,0.0,0.311575336541436,0.021685951643040526,0.203573172705848,0.18929143575051827,0.0,0.0,0.3943485937557394,0.16717678100276737,0.23440581056148377,0.1815697377857997,0.08900018758520845,0.0
0.2145607051849549,0.3472303680641741,0.0,0.0,0.26219158808081644,0.1089464820053384,0.03298886914437184,0.26372955758245836,0.0,0.27411077055872174,0.1572614534144963,0.0038993470497350933,0.17869145173722642,0.3056414113438871,0.10484648770558729,0.010419908906395988,0.0,0.2505469427178154,0.080162687879435,0.01542057630849293,0.0,0.11748382520414101,0.16481287494082453,0.32144050391459683,0.17943893817376466,0.13301489405122083,0.0661372218697121,0.0,0.0,0.03294699104502553,0.12313154973254253,0.09519180438545471,0.0,0.09497002572794595,0.0,0.0,0.040711153534140704,0.0,0.3043496036738228,0.037814291209309694,0.45219636461865337,0.0,0.007955389750889486,0.0,0.12291462152681186,0.0,0.19029197847424736,0.3547265400477838,0.015217942727431256,0.03717874732327281,0.10162221687679279,0.0,0.3527185513520983,0.0,0.0,0.29672792034812867,0.0,0.0,0.0,0.052397926682691685,0.17134369135696545,0.09375329829772969,0.0,0.466781435679034,0.0,0.0,0.34714291826093774,0.0,0.0,0.11477240761037003,0.33941279483771997,0.2613998312893103,0.09835950938830652,0.22142213791587093,0.3759753612844487
0.05728340281804619,0.1344840185756723,0.23092299408055425,0.0,0.15596288641807635,0.07714532022015949,0.16073530769341368,0.1334445409933283,0.0,0.14161178550963824,0.2606436371411888,0.08329413393300028,0.19323888486990773,0.2426272800221264,0.11130651495529456,0.05406337466649698,0.0,0.3405241080020344,0.0,0.20768019977348318,0.0,0.0,0.24042485090885202,0.14562486794080692,0.057029752349658264,0.12233991485619769,0.20815487215799214,0.1923152390044503,0.12026620676290836,0.0,0.12015280080816962,0.03043864949558699,0.0,0.12742014235963794,0.0,0.0,0.0,0.0,0.0,0.011847153037896005,0.35791161194212623,0.1305615565508065,0.12313021715350787,0.0,0.0,0.08671549359446404,0.09031116589136869,0.3496771374980544,0.0,0.0,0.012919265870604187,0.0,0.22240702581107397,0.0,0.0,0.09393262128452018,0.024970430149588902,-0.0653404118788724,-0.08512150812944044,0.1883671221085968,0.0,0.0,0.0,0.30851963341329397,0.25521912887169906,0.06531940821088099,0.37716825457067865,0.16170594741964323,0.0,0.11207372417556126,0.14096518589809387,0.23069465327273592,0.08374885724949824,0.26556052443544786,0.0
0.2507336198328744,0.17349927957931202,0.0,0.17405137368865584,0.12121683459837976,0.12510704344547044,0.09116465577252923,0.378848864607382,0.1437540656779631,0.13797287959264748,0.29382550577743277,0.2416927332020778,0.0,0.29965460753021844,0.12337003616958854,0.011891394484360664,0.0,0.12602549972751495,0.16950391155850406,0.1159610672564352,0.0,0.12660391327369241,0.055595163703393416,0.18966597660430043,0.09843342064679506,0.13108498689675283,0.07193932452917885,0.0,0.0,0.1344036403450177,0.02323217877585356,0.0,0.0,0.21410018385193352,0.18684029883156306,0.0,0.08092165691086182,0.0,0.02575734826212727,0.057848890064584685,0.5397286741196766,0.1546683433437548,0.0,0.0,0.0,0.19002828653516998,0.07759787216089262,0.20522945792557826,0.15633032182885306,0.11401506674885306,0.1324355491790274,0.0,0.24579272437784916,0.006304006618402264,0.061568990985166584,0.0,0.0,0.0,0.0,0.0,0.0,0.41507964343797943,0.022830868697750355,0.39501686309363787,0.1566432876063065,0.4196030148993695,0.3638228846761306,0.0,0.01534400147813888,0.28537774399904364,0.2552930976231951,0.2819608958486977,0.048834855610304956,0.21491036972134311,0.0
0.0,0.3887651101803155,0.17654336972812223,0.26372218701721095,0.23155842232374463,0.18681035276721367,0.1677789132229757,0.2685965197060329,0.03712237238006566,0.23409793846728977,0.16211263428161582,0.0,0.2674978235993554,0.3629546561850374,0.12206952151956131,0.0,0.12193860735771522,0.4019617727438626,0.021985788459385938,0.0,0.0,0.21057141463465723,0.10478319736021918,0.05538355032658072,0.06588833154623311,0.20784670032531288,0.22218877720503155,0.17073602182546915,0.0,0.0,0.0,0.18402744846710792,0.04520796405273387,0.0,0.08581697244091775,0.0,0.0,0.0,0.33481657856655717,0.0,0.4914974397263434,0.17826145961597556,0.0,0.0,0.0,0.23413514264145976,0.10623591380932741,0.28952577790109596,0.1261841189129127,0.06066624065716445,0.046826383861274565,0.0,0.24044883157870273,0.0,0.0,0.34349685559487786,0.0034985759845374232,-0.031845962083455734,0.0,0.0,0.08234592264119293,0.13919128177655388,0.0,0.34869323792775814,0.09182320178213878,0.0,0.41934501435315785,0.05157992434896057,0.0,0.39208621076556205,0.21345250034515018,0.39752011862117026,0.0,0.26512021470285696,0.18593639666806958
0.19661786922376273,0.0,0.07787669656925382,0.04810597198924798,0.29013405143556137,0.19873480090427822,0.023943771817851053,0.31289506187177046,0.0,0.2390992086895015,0.0,0.0,0.03201216180975157,0.23417800835977962,0.3278320159220093,0.0,0.0,0.09670627775562661,0.27120720873221904,0.0685005277215983,0.034662385330569166,0.20915349506418304,0.20019904545178904,0.287504440582675,0.0,0.27020385726468216,0.034557674263844804,0.1407366265386373,0.0,0.0,0.0,0.0887453224378987,0.0,0.26103208707524544,0.032595223638575935,0.04044582354632557,0.14837261838664814,0.0,0.3944450691105234,0.15393397706733986,0.33524622458667314,0.09420172400074873,0.09409530701350659,0.0,0.11726516997041354,0.11192995911789975,0.0,0.20438882387403362,0.12883002281363032,0.0858797611268072,0.0,0.0,0.2926118326168026,0.12026372632151341,0.0,0.11841024395811622,0.0692511968033755,-0.08607997695163727,0.0,0.0,0.0,0.15355144648585387,0.018551039577259332,0.4695075389898373,0.13690439927332126,0.10535727329409889,0.3310005821345445,0.007875537088293862,0.0,0.1395603158993119,0.32489357457383383,0.3903605958190503,0.0,0.15125086408263888,0.08704510851528739
0.2317123632557502,0.19641146887589422,0.16274273568240688,0.029682141869399027,0.23894117851630284,0.09352871274272691,0.10523618668301137,0.35159089314126907,0.07734288140806463,0.06631172093963557,0.0,0.0,0.07421482457477169,0.20353075163996207,0.16607082527338193,0.0,0.0,0.2944113003913264,0.14752561712367163,0.011509927603704749,0.0,0.18783483636146128,0.25651891707032737,0.0008514601651487426,0.10507711934381228,0.19887857335698764,0.0,0.0,0.0,0.03819582390593369,0.021643580370352616,0.21635174848946392,0.0,0.14698650466337804,0.05920987994410741,0.0,0.0,0.0,0.32218878431087156,0.0,0.490850092324334,0.0,0.15289353692306254,0.0,0.07034389319874307,0.12924534417367695,0.07357374154701514,0.08926402155668904,0.0,0.007940251199323222,0.06448074188476713,0.0,0.18979491833738768,0.0,0.0,0.32783673990228895,0.0,-0.06883819957736355,0.0,0.04767204601899999,0.023705939438034517,0.1068243122055475,0.0,0.4345125623912636,0.16620435438220924,0.18099130168538508,0.18254085173720128,0.0,0.0,0.0,0.0644480452385161,0.13429157735098357,0.04119773832986414,0.2923864352233309,0.18656942705403415
0.2140981564585974,0.0,0.013887776558662069,0.050521105743568766,0.0399928888626874,0.0,0.0,0.1282681574363595,0.0,0.09013414190347001,0.12350109684164208,0.0,0.04703866544377519,0.0960477839448973,0.14642887847069794,0.04707648270438204,0.0,0.1720052891626747,0.07012788768033112,0.11348496278357159,0.024685522072664372,0.02063298070394903,0.1202751573714785,0.1399553561782281,0.1535955914178388,0.15693326699400476,0.15896270269849821,0.0,0.13096701812016134,0.0,0.010037234274791277,0.2360980151723967,0.0,0.06024014841125474,0.0,0.0,0.0,0.0,0.37684091688698895,0.0015418312482027381,0.3700160423723418,0.10981265178776971,0.0,0.1833098836357463,0.11839037702830454,0.06223486011304176,0.1401460963838466,0.0,0.047827754914398904,0.1463948400273757,0.0,0.0,0.2766829541603121,0.014957686336675326,0.0,0.2212971356142533,0.0,0.0,0.0,0.126332896468999,0.0,0.009927143124715997,0.009230852254192451,0.4105802405783023,0.25387093758204987,0.16250774915808816,0.12632588422451474,0.0,0.09814708771390815,0.2393972705662123,0.14988323814135182,0.16211492836873476,0.0,0.27576167310524025,0.03243450409005
0.05162361583470903,0.10580427939504913,0.16259673891783277,0.0,0.23309039161851147,0.0,0.2067631777527858,0.23495887528126766,0.029385630503520645,0.03428231122444623,0.3260188994524886,0.0,0.0,0.10016271541809289,0.042142039772261095,0.18875343880695847,0.07311150939557486,0.20085533941372985,0.08053441531933414,0.2406427890581237,0.0,0.0,0.12853233622786991,0.022589884427043308,0.0,0.12617596621704935,0.19149310750315196,0.1536857722388104,0.0,0.022193999190364515,0.0,0.1494076759054331,0.03510985766671419,0.1652251933032669,0.0,0.08502091049513558,0.004717992817048407,0.0,0.1355390362582617,0.17062794180816973,0.37254359066925996,0.19354443343887595,0.03901067196176415,0.07654804955566787,0.11505591485358056,0.21903563140181248,0.0,0.05524033473250642,0.13047774293800848,0.05583680827479291,0.0,0.0,0.29331158379075145,0.13804114121844005,0.0,0.46419588497949316,0.0,-0.14180722674049176,0.0,0.14469030548769524,0.0,0.08376547273210116,0.0,0.5193394752053005,0.2913529540878808,0.14544252467741237,0.413816343807111,0.1019420911057382,0.00993646194496626,0.006734931033331054,0.23009840519829358,0.23349919780646392,0.0,0.0773640754892928,0.0
0.0,0.40435534294838826,0.28363760006930355,0.1076648803077331,0.1836635966089752,0.10918266826192985,0.0,0.0,0.0,0.3022543584309645,0.1829964377401113,0.10614417022518645,0.04217484770863471,0.31123325098241944,0.10839286727302651,0.054448836498221805,0.039052216957660986,0.0,0.0,0.20808657783161835,0.0,0.23440909715034625,0.3011885007305237,0.0,0.2485150560188987,0.05247903504520692,0.07605328450293833,0.0,0.0,0.0,0.23942401010154055,0.09044776903640792,0.0,0.09641385797930874,0.24275264552806514,0.023658272346768285,0.09892526963926276,0.078989700150014,0.20469050744666653,0.1480207320338592,0.35648469772616986,0.0,0.09996165568456829,0.12990147527399795,0.057618052442368804,0.18194451711049284,0.09864057289645504,0.2975371867357061,0.03186423753501045,0.04956521303590199,0.2893480882958611,0.0,0.28714474621598185,0.09449648261782384,0.10079199780139882,0.14310669124965336,0.012726702434192886,0.0,0.0,0.28300528155287596,0.0,0.021501846442834472,0.20542890802937394,0.45955978196248076,0.22832536714940938,0.0,0.33707819261072564,0.029715353060421796,0.020565587369418197,0.0,0.13786051805353522,0.11638133683090034,0.0,0.018981081894833027,0.0
0.10689635072946702,0.025586771053042644,0.22213831144477664,0.0,0.2250605651312911,0.0,0.31183536422938674,0.08459371928696544,0.08318030850021063,0.07406621088381744,0.007188650936180577,0.0,0.03778242473863126,0.2718130493543359,0.08746298563653529,0.07558453225548817,0.020685243420076237,0.0,0.1715308939676184,0.0,0.0,0.0,0.28437800485982967,0.0,0.0,0.028556210175503145,0.0,0.16024465548728625,0.0,0.0,0.0,0.0,0.057879784355385766,0.1473363909807864,0.03353303032185713,0.060476584705695044,0.08243451649601205,0.08470809352732321,0.21694314898456152,0.21106922200541978,0.40391892365465903,0.23970932205311443,0.16497774047032085,0.0,0.24750040287797387,0.08903740843922371,0.0,0.05125135863223392,0.0,0.013285805020712929,0.0,0.0,0.16198477414681167,0.17936935240372726,0.05464847487868058,0.28264775435638606,0.0,0.0,0.0,0.20984358745984882,0.0,0.0,0.0,0.3334510096265987,0.11202180541890235,0.0,0.24592690528458183,0.1241902767098834,0.0,0.0,0.09595115418369253,0.19959757733187414,0.05511931057717353,0.15023432234534545,0.28188401945570035
0.18578884054705366,0.1605010145586384,0.07042634312198022,0.03776844173357872,0.1321358478104367,0.1921823059478798,0.0,0.0,0.0,0.08479850708831407,0.38345800510326333,0.0,0.0,0.2841445571642816,0.0,0.31056224124118753,0.0,0.28016119694690533,0.0,0.0,0.0,0.05470789311863237,0.1626488842164417,0.0,0.0,0.0,0.0,0.029283248809472535,0.0,0.0,0.07919080436421587,0.10065644371300937,0.0,0.2932778763587273,0.19534147847047528,0.02871206762865952,0.09300591491036912,0.0,0.021181215243350995,0.0,0.336124905485688,0.22807390162787328,0.0,0.0,0.03902617609479922,0.0736933212555216,0.21807741184569265,0.32635413088068504,0.0,0.0,0.0,0.0,0.4011627733201383,0.1423407594650286,0.0,0.1376809813677689,0.0,-0.1020537922945369,0.0,0.07299868373472986,0.0,0.21292588354840275,0.0,0.5005157356292249,0.23396560115488316,0.0,0.37415101623065383,0.0,0.0029191380682684876,0.2464137689049535,0.16166884513118035,0.0,0.06937728627130532,0.03992271682532878,0.15418244547521595
0.12380983656356587,0.01339426101645456,0.07513782347250147,0.0,0.2103167103929828,0.08210740264335996,0.16418796337726146,0.3683207632832785,0.0,0.10971572193382075,0.31645604095569096,0.051471347196347314,0.0,0.2633857347980211,0.06761362896573443,0.0,0.0,0.19787122330948087,0.11462550469111907,0.19850715058301685,0.1041499194916546,0.0,0.2679945980126041,0.054530399187758434,0.0,0.0,0.20387583368211296,0.1062725885992482,0.21053986561665747,0.2736410408241253,0.0,0.0,0.0,0.203187373396292,0.1581779385040604,0.0,0.0,0.0,0.12001983103661383,0.0,0.23501896810649614,0.2116762925147338,0.26464945120340966,0.053730724763334306,0.0182256908294259,0.2361116788626374,0.0296039706438017,0.0,0.0,0.09036330269012775,0.18110548016456401,0.0,0.2368707756648454,0.10645183444733657,0.0,0.12700092982541816,0.0,0.0,0.0,0.1835320942611974,0.0,0.0,0.0,0.3842128914378209,0.23374477970865704,0.22698583264694466,0.2953878520357122,0.37763784013039997,0.07807578191367276,0.051211239875800535,0.0,0.0,0.0,0.0,0.06824833610190693
